Profile Name,Title Name,Country,Utc Title Add Date
HICHAM,Mr. Plankton,France,2024-11-16
HICHAM,The Night Agent,France,2024-02-24
HICHAM,Vincenzo,Morocco,2023-12-18
HICHAM,Believer 2,France,2023-11-19
HICHAM,Vagabond,France,2023-10-28
HICHAM,Ballerina,France,2023-10-23
HICHAM,Bodies,France,2023-10-22
HICHAM,Surviving Summer,France,2023-10-21
HICHAM,Mia and the White Lion,France,2023-09-03
HICHAM,My Name,Morocco,2023-07-25
HICHAM,Bloodhounds,France,2023-06-23
HICHAM,FUBAR,France,2023-05-25
HICHAM,Grown Ups,France,2023-03-19
HICHAM,The Social Network,France,2023-03-19
HICHAM,Surviving Summer,France,2022-07-04
HICHAM,Baywatch,France,2022-03-27
HICHAM,The Apprentice: ONE Championship Edition,France,2022-02-02
HICHAM,Neymar: The Perfect Chaos,France,2022-01-25
HICHAM,Resort to Love,France,2021-11-11
HICHAM,Kiss & Cry,France,2021-11-11
HICHAM,Love Hard,France,2021-11-05
HICHAM,Berlin Syndrome,France,2021-02-04
HICHAM,The White Tiger,France,2021-02-04
HICHAM,Never Back Down 2: The Beatdown,France,2021-02-04
HICHAM,Step Up,France,2021-01-29
HICHAM,Before I Fall,France,2021-01-29
HICHAM,Falling Inn Love,France,2021-01-29
HICHAM,Swiped,France,2021-01-29
HICHAM,8 Mile,France,2020-10-23
HICHAM,Terminator Genisys,France,2020-05-09
HICHAM,The Perfect Day,France,2020-05-09
HICHAM,Becoming,France,2020-05-09
HICHAM,Summertime,France,2020-05-01
HICHAM,The Pursuit of Happyness,France,2020-04-23
HICHAM,High Flying Bird,France,2020-04-23
HICHAM,Battle,France,2020-04-23
HICHAM,Fighting,France,2020-04-23
HICHAM,First Match,France,2020-04-23
HICHAM,The Last Dance,France,2020-04-22
HICHAM,Coffee & Kareem,France,2020-04-05
HICHAM,Spenser Confidential,France,2020-03-30
HICHAM,Ultras,France,2020-03-25
HICHAM,Formula 1: Drive to Survive,France,2020-03-21
HICHAM,Narcos,France,2020-03-21
HICHAM,13 Reasons Why,France,2020-03-21
HICHAM,Tekken: Bloodline,Morocco,2022-04-02
HICHAM,Spider-Man: Homecoming,Morocco,2021-11-30
HICHAM,Creed,Morocco,2021-11-28
HICHAM,Creed II,Morocco,2021-11-28
HICHAM,Army of Thieves,Morocco,2021-10-31
HICHAM,Kate,Morocco,2021-09-25
HICHAM,Avengement,Morocco,2021-09-06
HICHAM,Record of Ragnarok,Morocco,2021-06-19
HICHAM,Sniper: Ultimate Kill,Morocco,2021-05-31
HICHAM,Record of Ragnarok,Morocco,2021-05-26
HICHAM,Tribes of Europa,Morocco,2021-04-14
HICHAM,Papillon,Morocco,2021-04-08
HICHAM,The Irregulars,Morocco,2021-03-27
HICHAM,Sentinelle,Morocco,2021-03-06
HICHAM,Red Dot,Morocco,2021-02-13
HICHAM,The Invisible Guest,Morocco,2021-02-11
HICHAM,Below Zero,Morocco,2021-02-06
HICHAM,Run All Night,Morocco,2021-02-06
HICHAM,Den of Thieves,Morocco,2021-02-01
HICHAM,Shadowhunters: The Mortal Instruments,Morocco,2021-02-01
HICHAM,Bleach,Morocco,2021-01-31
HICHAM,Warrior Nun,Morocco,2021-01-31
HICHAM,Fate: The Winx Saga,Morocco,2021-01-30
HICHAM,Below Zero,Morocco,2021-01-30
HICHAM,Outside the Wire,Morocco,2021-01-27
HICHAM,Fate: The Winx Saga,Morocco,2021-01-25
HICHAM,Spider-Man: Homecoming,Morocco,2021-01-14
HICHAM,Lucy,Morocco,2021-01-10
HICHAM,Lupin,Morocco,2021-01-10
HICHAM,Pain & Gain,Morocco,2021-01-02
HICHAM,Furious 7,Morocco,2020-12-26
HICHAM,Baby Driver,Morocco,2020-12-23
HICHAM,Shooter,Morocco,2020-12-10
HICHAM,Jumanji: Welcome to the Jungle,Morocco,2020-11-07
HICHAM,Ready Player One,Morocco,2020-11-06
HICHAM,Paranormal,Morocco,2020-11-05
HICHAM,Killer Elite,Morocco,2020-11-05
HICHAM,Rogue City,Morocco,2020-10-30
HICHAM,Marvel's The Defenders,Morocco,2020-10-18
HICHAM,Bright,Morocco,2020-10-17
HICHAM,The Cobbler,Morocco,2020-10-12
HICHAM,The Last Days of American Crime,Morocco,2020-10-12
"HICHAM,""Pablo Escobar, el patrón del mal"",Morocco,2020-10-11"
HICHAM,Project Power,Morocco,2020-10-08
HICHAM,The Old Guard,Morocco,2020-07-31
HICHAM,Riverdale,Morocco,2020-07-13
HICHAM,6 Underground,Morocco,2020-07-13
HICHAM,American Assassin,Morocco,2020-07-12
HICHAM,Wu Assassins,Morocco,2020-05-12
HICHAM,Wonder Woman,Morocco,2020-05-11
HICHAM,Titans,Morocco,2020-05-11
HICHAM,Kin,Morocco,2020-05-10
HICHAM,Ragnarok,Morocco,2020-04-24
HICHAM,Miracle in Cell No. 7,Morocco,2020-04-19
HICHAM,Code 8,Morocco,2020-04-18
HICHAM,Extraction,Morocco,2020-04-10
HICHAM,The Blacklist,Morocco,2020-04-03
HICHAM,Sherlock,Morocco,2020-03-28
HICHAM,Vikings,Morocco,2020-03-28
HICHAM,Locke & Key,Morocco,2020-03-23
HICHAM,Shaft,Morocco,2020-03-23
HICHAM,Spenser Confidential,Morocco,2020-03-22
HICHAM,Locke & Key,Morocco,2020-03-21
HICHAM,Beauty in Black,France,2024-11-25
HICHAM,The International,France,2024-10-13
HICHAM,Terrorism Close Calls,France,2024-09-22
HICHAM,Big George Foreman: The Miraculous Story of the Once and Future Heavyweight Champion of the World,France,2024-09-22
HICHAM,Lost,France,2024-09-21
HICHAM,Mr. & Mrs. Smith,Morocco,2024-07-13
HICHAM,The Revenant,France,2024-05-15
HICHAM,The Pursuit of Happyness,France,2024-05-01
HICHAM,Mr. Harrigan's Phone,France,2024-02-15
HICHAM,The Adam Project,France,2024-02-05
HICHAM,Red Notice,France,2024-02-05
HICHAM,Better Call Saul,Morocco,2023-12-23
HICHAM,The Killer,France,2023-11-10
HICHAM,Eat the Rich: The GameStop Saga,France,2023-10-22
HICHAM,Forgotten Love,France,2023-10-12
HICHAM,Overhaul,France,2023-10-09
HICHAM,The Out-Laws,France,2023-09-22
HICHAM,Don't Breathe 2,France,2023-08-19
HICHAM,Man on Fire,Morocco,2023-08-10
HICHAM,The Founder,France,2023-05-31
HICHAM,Sniper: Assassin's End,France,2023-05-28
HICHAM,FUBAR,France,2023-05-28
HICHAM,The Mother,France,2023-05-20
HICHAM,The Night Agent,France,2023-03-30
HICHAM,Bad Boys for Life,France,2023-03-25
HICHAM,Luther: The Fallen Sun,France,2023-03-11
HICHAM,Fast & Furious Presents: Hobbs & Shaw,France,2023-03-01
HICHAM,S.W.A.T.: Firefight,France,2023-02-28
HICHAM,Formula 1: Drive to Survive,France,2023-02-24
HICHAM,Unlocked,France,2023-02-23
HICHAM,Restless,France,2022-10-02
HICHAM,Eat the Rich: The GameStop Saga,France,2022-10-02
HICHAM,In From the Cold,France,2022-09-11
HICHAM,Layer Cake,France,2022-09-11
HICHAM,The Longest Night,France,2022-09-11
HICHAM,Get Smart With Money,France,2022-09-11
HICHAM,I Came By,France,2022-09-10
HICHAM,The Gray Man,Morocco,2022-08-07
HICHAM,The Billion Dollar Code,Morocco,2022-05-16
HICHAM,The Apprentice: ONE Championship Edition,Morocco,2022-05-16
HICHAM,The Trader (Sovdagari),Morocco,2022-05-06
HICHAM,The Big Short,Morocco,2022-05-06
HICHAM,Trust No One: The Hunt for the Crypto King,Morocco,2022-04-04
HICHAM,Salt,Morocco,2022-03-08
HICHAM,Miss Bala,Morocco,2022-03-08
HICHAM,The Tinder Swindler,Morocco,2022-02-11
HICHAM,Hush,Morocco,2022-01-07
HICHAM,Spider-Man: Homecoming,Morocco,2021-12-20
HICHAM,14 Peaks: Nothing Is Impossible,Morocco,2021-12-18
"HICHAM,""The Mind, Explained"",Morocco,2021-12-18"
HICHAM,Spoiled Brats,Morocco,2021-12-09
HICHAM,Not a Game,Morocco,2021-12-09
HICHAM,Meru,Morocco,2021-12-09
"HICHAM,""Gabriel """"Fluffy"""" Iglesias: One Show Fits All"",Morocco,2021-12-02"
HICHAM,Dave Chappelle: The Closer,Morocco,2021-12-02
HICHAM,Happy!,Morocco,2021-09-29
HICHAM,Pine Gap,Morocco,2021-09-24
HICHAM,Flight,Morocco,2021-09-24
HICHAM,The Irishman,Morocco,2021-09-24
HICHAM,Hitler - A Career,Morocco,2021-09-24
HICHAM,21,Morocco,2021-09-24
HICHAM,The Mechanism,Morocco,2021-09-21
HICHAM,Control Z,Morocco,2021-09-07
HICHAM,Clickbait,Morocco,2021-09-03
HICHAM,Shiny_Flakes: The Teenage Drug Lord,Morocco,2021-08-18
HICHAM,Blood Red Sky,Morocco,2021-08-18
HICHAM,The Social Network,Morocco,2021-08-18
HICHAM,The Conjuring,Morocco,2021-08-13
HICHAM,Heist,Morocco,2021-07-14
HICHAM,The Accountant,Morocco,2021-07-08
HICHAM,The Secret,Morocco,2021-07-08
HICHAM,Fatherhood,Morocco,2021-07-08
HICHAM,Death Wish (2018),Morocco,2021-07-01
HICHAM,Shadow,Morocco,2021-07-01
HICHAM,StartUp,Morocco,2021-05-31
"HICHAM,""Money, Explained"",Morocco,2021-05-25"
HICHAM,100 Humans,Morocco,2021-05-25
HICHAM,Taken 2,Morocco,2021-05-12
HICHAM,Geostorm,Morocco,2021-05-12
HICHAM,The Trial,Morocco,2021-05-09
HICHAM,La Línea: Shadow of Narco,Morocco,2021-04-18
HICHAM,Inside the Real Narcos,Morocco,2021-04-18
HICHAM,Spycraft,Morocco,2021-04-18
HICHAM,Night Stalker: The Hunt for a Serial Killer,Morocco,2021-04-18
HICHAM,The Equalizer 2,Morocco,2021-04-18
HICHAM,The Staircase,Morocco,2021-04-16
HICHAM,Making a Murderer,Morocco,2021-04-16
HICHAM,Evil Genius: the True Story of America's Most Diabolical Bank Heist,Morocco,2021-04-16
HICHAM,The Hater,Morocco,2021-04-14
HICHAM,This Is a Robbery: The World's Biggest Art Heist,Morocco,2021-04-14
HICHAM,Unfriended: Dark Web,Morocco,2021-04-14
HICHAM,MINDHUNTER,Morocco,2021-04-14
HICHAM,Sky High,Morocco,2021-04-03
HICHAM,Unit 42,Morocco,2021-03-20
HICHAM,Casino,Morocco,2021-03-19
HICHAM,GoodFellas,Morocco,2021-03-19
HICHAM,Dealer,Morocco,2021-03-13
HICHAM,Unabomber - In His Own Words,Morocco,2021-03-07
HICHAM,Don't F**k with Cats: Hunting an Internet Killer,Morocco,2021-03-07
HICHAM,Zodiac,Morocco,2021-03-07
HICHAM,Capitani,Morocco,2021-03-01
HICHAM,Taken 3,Morocco,2021-03-01
HICHAM,Black Mirror,Morocco,2021-02-21
HICHAM,Black Beach,Morocco,2021-02-21
HICHAM,Tribes of Europa,Morocco,2021-02-20
HICHAM,Run All Night,Morocco,2021-02-14
HICHAM,Den of Thieves,Morocco,2021-02-08
HICHAM,Taare Zameen Par,Morocco,2021-02-03
HICHAM,50M2,Morocco,2021-02-03
HICHAM,The Red Sea Diving Resort,Morocco,2021-01-24
HICHAM,Patriots Day,Morocco,2021-01-24
HICHAM,Outside the Wire,Morocco,2021-01-21
HICHAM,The Legend of Tarzan,Morocco,2021-01-12
HICHAM,Point Blank,Morocco,2021-01-12
HICHAM,Proud Mary,Morocco,2021-01-12
HICHAM,Focus,Morocco,2021-01-05
HICHAM,Amar,Morocco,2020-12-28
HICHAM,Safe House,Morocco,2020-12-28
HICHAM,The Losers,Morocco,2020-12-28
HICHAM,6 Years,Morocco,2020-12-28
HICHAM,Yankee,Morocco,2020-12-28
HICHAM,No Strings Attached,Morocco,2020-12-28
HICHAM,Newness,Morocco,2020-12-28
HICHAM,Operações Especiais,Morocco,2020-12-10
HICHAM,The Climb,Morocco,2020-12-10
HICHAM,The Beast,Morocco,2020-12-10
HICHAM,Mosul,Morocco,2020-12-03
HICHAM,The Last Runway,Morocco,2020-12-03
HICHAM,Close,Morocco,2020-08-14
HICHAM,Da 5 Bloods,Morocco,2020-07-10
HICHAM,The Old Guard,Morocco,2020-07-10
HICHAM,Summertime,Morocco,2020-07-08
HICHAM,El Dragón: Return of a Warrior,Morocco,2020-05-21
HICHAM,The I-Land,Morocco,2020-05-21
HICHAM,Fauda,Morocco,2020-05-21
HICHAM,Homeland,Morocco,2020-05-21
HICHAM,Inside the World’s Toughest Prisons,Morocco,2020-05-21
HICHAM,Gotham,Morocco,2020-05-21
HICHAM,White Lines,Morocco,2020-05-16
HICHAM,Wolf,Morocco,2020-05-11
HICHAM,The Platform,Morocco,2020-05-06
HICHAM,Triple Frontier,Morocco,2020-05-06
HICHAM,Captain Phillips,Morocco,2020-04-26
HICHAM,Formula 1: Drive to Survive,Morocco,2020-04-26
HICHAM,Edge of Fear,Morocco,2020-04-26
HICHAM,Dope,Morocco,2020-04-26
HICHAM,Conor McGregor: Notorious,Morocco,2020-04-26
HICHAM,Extraction,Morocco,2020-04-24
HICHAM,Outer Banks,Morocco,2020-04-19
HICHAM,On My Block,Morocco,2020-04-19
HICHAM,The Dark Knight,Morocco,2020-04-19
HICHAM,Easy,Morocco,2020-04-19
HICHAM,Mom,Morocco,2020-04-19
HICHAM,The Protector,Morocco,2020-04-19
HICHAM,Go Karts,Morocco,2020-04-19
HICHAM,Baywatch,Morocco,2020-04-19
HICHAM,Burn Out,Morocco,2020-04-18
HICHAM,Miami Vice,Morocco,2020-04-18
HICHAM,Point Break,Morocco,2020-04-18
HICHAM,Code 8,Morocco,2020-04-18
HICHAM,School Life,Morocco,2020-04-18
HICHAM,The Bourne Ultimatum,Morocco,2020-04-18
HICHAM,Coffee & Kareem,Morocco,2020-04-18
HICHAM,Earth and Blood,Morocco,2020-04-18
HICHAM,Red Dawn,Morocco,2020-04-18
HICHAM,Too Hot to Handle,Morocco,2020-04-18
HICHAM,Criminal,Morocco,2020-04-16
HICHAM,The Town,Morocco,2020-04-16
HICHAM,House of Cards,Morocco,2020-04-16
HICHAM,Top Boy,Morocco,2020-04-16
HICHAM,Bad Blood,Morocco,2020-04-16
HICHAM,Top Boy: Summerhouse,Morocco,2020-04-16
HICHAM,American Assassin,Morocco,2020-04-16
HICHAM,S.W.A.T.: Under Siege,Morocco,2020-04-16
HICHAM,Designated Survivor,Morocco,2020-04-16
HICHAM,Toy Boy,Morocco,2020-04-16
HICHAM,Sniper: Ultimate Kill,Morocco,2020-04-07
HICHAM,The 100,Morocco,2020-04-06
HICHAM,The Inmate,Morocco,2020-04-03
HICHAM,Locked Up,Morocco,2020-04-03
HICHAM,Bodyguard,Morocco,2020-04-03
HICHAM,Tiger King,Morocco,2020-04-01
HICHAM,Tony Robbins: I Am Not Your Guru,Morocco,2020-03-29
HICHAM,2 Guns,Morocco,2020-03-29
HICHAM,El Camino: A Breaking Bad Movie,Morocco,2020-03-29
HICHAM,FYRE: The Greatest Party That Never Happened,Morocco,2020-03-29
HICHAM,El Chapo,Morocco,2020-03-29
HICHAM,I Am Legend,Morocco,2020-03-29
HICHAM,Dark,Morocco,2020-03-29
HICHAM,Queen of the South,Morocco,2020-03-29
HICHAM,Street Flow,Morocco,2020-03-29
HICHAM,13 Reasons Why,Morocco,2020-03-29
HICHAM,CHIPS,Morocco,2020-03-29
HICHAM,Spenser Confidential,Morocco,2020-03-29
HICHAM,The Hard Way,Morocco,2020-03-29
HICHAM,Brother,Morocco,2020-03-29
HICHAM,Dogs of Berlin,Morocco,2020-03-29
HICHAM,Inside Bill's Brain: Decoding Bill Gates,Morocco,2020-03-29
HICHAM,Unsolved,Morocco,2020-03-29
HICHAM,The Wolf of Wall Street,Morocco,2020-03-29
HICHAM,Tower Heist,Morocco,2020-03-29
HICHAM,S.W.A.T.,Morocco,2020-03-25
HICHAM,Money Heist,Morocco,2020-03-21
HICHAM,Shaft,Morocco,2020-03-21
HICHAM,Mechanic: Resurrection,Morocco,2020-03-21
